"FROM STATION ID","Station Name","Total Docks","Docks in Service","Status","Latitude","Longitude","Location"
117,"Wilton Ave & Belmont Ave",27,27,"In Service",41.94023192,-87.65294373,"(41.940231918108594, -87.65294373035431)"
301,"Clark St & Schiller St",19,19,"In Service",41.907993,-87.631501,"(41.907993, -87.631501)"
465,"Marine Dr & Ainslie St",23,23,"In Service",41.9716,-87.650154,"(41.9716, -87.650154)"
333,"Ashland Ave & Blackhawk St",15,15,"In Service",41.907066,-87.667252,"(41.907066, -87.667252)"
48,"Larrabee St & Kingsbury St",43,43,"In Service",41.897764,-87.642884,"(41.897764, -87.642884)"
280,"Morgan St & 31st St",11,11,"In Service",41.8378,-87.65114,"(41.8378, -87.65114)"
174,"Canal St & Madison St",35,35,"In Service",41.882091,-87.639833,"(41.882091, -87.639833)"
277,"Ashland Ave & Grand Ave",15,15,"In Service",41.891072,-87.666611,"(41.891072, -87.666611)"
54,"Ogden Ave & Chicago Ave",19,19,"In Service",41.89636246,-87.65406127,"(41.896362458, -87.6540612729)"
130,"Damen Ave & Division St",19,19,"In Service",41.903266,-87.678435,"(41.903266, -87.678435)"
94,"Clark St & Armitage Ave",31,31,"In Service",41.918306,-87.636282,"(41.918306, -87.636282)"
69,"Damen Ave & Pierce Ave",23,23,"In Service",41.90939601,-87.67769193,"(41.9093960065, -87.6776919292)"
240,"Sheridan Rd & Irving Park Rd",27,27,"In Service",41.954245,-87.654406,"(41.954245, -87.654406)"
113,"Sheridan Rd & Argyle St",15,15,"In Service",41.97328682,-87.65475959,"(41.97328682025979, -87.65475958585739)"
127,"Lincoln Ave & Fullerton Ave",15,15,"In Service",41.92416103,-87.64638037,"(41.924161029067626, -87.64638036489487)"
50,"Clark St & Ida B Wells Dr",35,35,"In Service",41.87593267,-87.63058454,"(41.8759326655, -87.6305845355)"
250,"Ashland Ave & Wellington Ave",19,19,"In Service",41.936083,-87.669807,"(41.936083, -87.669807)"
213,"Leavitt St & North Ave",15,15,"In Service",41.91050937,-87.68238902,"(41.91050936666395, -87.6823890209198)"
199,"Wabash Ave & Grand Ave",31,31,"In Service",41.891466,-87.626761,"(41.891466, -87.626761)"
141,"Clark St & Lincoln Ave",23,23,"In Service",41.915689,-87.6346,"(41.915689, -87.6346)"
61,"Wood St & Milwaukee Ave",19,19,"In Service",41.907655,-87.672552,"(41.907655, -87.672552)"
13,"Wilton Ave & Diversey Pkwy",35,35,"In Service",41.932418,-87.652705,"(41.932418, -87.652705)"
152,"Lincoln Ave & Diversey Pkwy",15,15,"In Service",41.932225,-87.658617,"(41.932225, -87.658617)"
118,"Sedgwick St & North Ave",19,19,"In Service",41.911386,-87.638677,"(41.911386, -87.638677)"
293,"Broadway & Wilson - Truman College Vaccination Site",23,23,"In Service",41.965221,-87.658139,"(41.965221, -87.658139)"
93,"Sheffield Ave & Willow St",15,15,"In Service",41.913688,-87.652855,"(41.913688, -87.652855)"
29,"Noble St & Milwaukee Ave",15,15,"In Service",41.90068,-87.6626,"(41.90068, -87.6626)"
268,"DuSable Lake Shore Dr & North Blvd",39,39,"In Service",41.911722,-87.626804,"(41.911722, -87.626804)"
52,"Michigan Ave & Lake St",35,35,"In Service",41.886024,-87.624117,"(41.886024, -87.624117)"
176,"Clark St & Elm St",39,39,"In Service",41.902973,-87.63128,"(41.902973, -87.63128)"
286,"Franklin St & Adams St (Temp)",15,15,"In Service",41.87943409,-87.63550401,"(41.87943409140013, -87.63550400733948)"
350,"Ashland Ave & Chicago Ave",15,15,"In Service",41.89517271,-87.66754702,"(41.8951727127816, -87.66754701733589)"
214,"Damen Ave & Grand Ave",23,23,"In Service",41.89239445,-87.67688513,"(41.892394452962705, -87.67688512802124)"
51,"Clark St & Randolph St",43,43,"In Service",41.88457623,-87.63188991,"(41.884576228, -87.63188991)"
305,"Western Ave & Division St",23,23,"In Service",41.902893,-87.687275,"(41.902893, -87.687275)"
217,"Elizabeth (May) St & Fulton St",15,15,"In Service",41.88661649,-87.65803993,"(41.886616486027656, -87.6580399274826)"
255,"Indiana Ave & Roosevelt Rd",39,39,"In Service",41.867888,-87.623041,"(41.867888, -87.623041)"
209,"Normal Ave & Archer Ave",11,11,"In Service",41.849527,-87.640591,"(41.849527, -87.640591)"
259,"California Ave & Francis Pl (Temp)",15,15,"In Service",41.91849115,-87.6974228,"(41.91849115368695, -87.69742280244827)"
126,"Clark St & North Ave",15,15,"In Service",41.911974,-87.631942,"(41.911974, -87.631942)"
315,"Elston Ave & Wabansia Ave",23,23,"In Service",41.912919,-87.664169,"(41.912919, -87.664169)"
87,"Racine Ave & Fullerton Ave",19,19,"In Service",41.92556258,-87.65840426,"(41.92556258, -87.65840426)"
66,"Clinton St & Lake St",23,23,"In Service",41.885637,-87.641823,"(41.885637, -87.641823)"
289,"Wells St & Concord Ln",19,19,"In Service",41.912133,-87.634656,"(41.912133, -87.634656)"
245,"Clarendon Ave & Junior Ter",23,23,"In Service",41.961004,-87.649603,"(41.961004, -87.649603)"
222,"Milwaukee Ave & Rockwell St",19,19,"In Service",41.92019556,-87.6926592,"(41.92019556200566, -87.69265919923781)"
30,"Ashland Ave & Augusta Blvd",15,15,"In Service",41.899643,-87.6677,"(41.899643, -87.6677)"
291,"Wells St & Evergreen Ave",19,19,"In Service",41.906724,-87.63483,"(41.906724, -87.63483)"
26,"New St & Illinois St",31,31,"In Service",41.89084704,-87.61861682,"(41.890847040623804, -87.61861681938171)"
31,"Franklin St & Chicago Ave",23,23,"In Service",41.89674697,-87.63566762,"(41.896746973093805, -87.63566762208939)"
73,"Jefferson St & Monroe St",19,19,"In Service",41.88032963,-87.64274597,"(41.880329633634624, -87.64274597167967)"
210,"Ashland Ave & Division St",27,27,"In Service",41.90345,-87.667747,"(41.90345, -87.667747)"
60,"Dayton St & North Ave",19,19,"In Service",41.91057804,-87.64942193,"(41.9105780349, -87.6494219288)"
25,"Michigan Ave & Pearson St",23,23,"In Service",41.89766,-87.62351,"(41.89766, -87.62351)"
157,"DuSable Lake Shore Dr & Wellington Ave",15,15,"In Service",41.93668845,-87.63682902,"(41.9366884494997, -87.63682901859283)"
318,"Southport Ave & Irving Park Rd",15,15,"In Service",41.954177,-87.664358,"(41.954177, -87.664358)"
56,"Desplaines St & Kinzie St",27,27,"In Service",41.88871604,-87.64444785,"(41.888716036, -87.6444478533)"
115,"Sheffield Ave & Wellington Ave",23,23,"In Service",41.93625348,-87.6526621,"(41.9362534831413, -87.65266209840775)"
169,"Canal St & Harrison St",15,15,"In Service",41.874255,-87.639573,"(41.874255, -87.639573)"
181,"LaSalle St & Illinois St",31,31,"In Service",41.890762,-87.631697,"(41.890762, -87.631697)"
14,"Morgan St & 18th St",15,15,"In Service",41.858086,-87.651073,"(41.858086, -87.651073)"
111,"Sedgwick St & Huron St",27,27,"In Service",41.894666,-87.638437,"(41.894666, -87.638437)"
128,"Damen Ave & Chicago Ave",19,19,"In Service",41.895769,-87.67722,"(41.895769, -87.67722)"
47,"State St & Kinzie St",31,31,"In Service",41.88937547,-87.62707651,"(41.889375466631684, -87.62707650661469)"
143,"Sedgwick St & Webster Ave",15,15,"In Service",41.922167,-87.638888,"(41.922167, -87.638888)"
306,"Sheridan Rd & Buena Ave",19,19,"In Service",41.958494,-87.654966,"(41.958494, -87.654966)"
226,"Racine Ave & Belmont Ave",15,15,"In Service",41.939743,-87.658865,"(41.939743, -87.658865)"
220,"Clark St & Drummond Pl",23,23,"In Service",41.931248,-87.644336,"(41.931248, -87.644336)"
123,"California Ave & Milwaukee Ave",15,15,"In Service",41.922695,-87.697153,"(41.922695, -87.697153)"
194,"Wabash Ave & Wacker Pl",19,19,"In Service",41.886875,-87.62603,"(41.886875, -87.62603)"
219,"Damen Ave & Cortland St",19,19,"In Service",41.915983,-87.677335,"(41.915983, -87.677335)"
231,"Sheridan Rd & Montrose Ave",23,23,"In Service",41.96167,-87.65464,"(41.96167, -87.65464)"
158,"Milwaukee Ave & Wabansia Ave",15,15,"In Service",41.912616,-87.681391,"(41.912616, -87.681391)"
90,"Millennium Park",47,47,"In Service",41.8810317,-87.62408432,"(41.8810317, -87.62408432)"
340,"Clark St & Wrightwood Ave",15,15,"In Service",41.929546,-87.643118,"(41.929546, -87.643118)"
36,"Franklin St & Jackson Blvd",39,39,"In Service",41.87770796,-87.63532114,"(41.8777079559, -87.6353211408)"
67,"Sheffield Ave & Fullerton Ave",27,27,"In Service",41.92560188,-87.65370804,"(41.9256018819, -87.6537080423)"
337,"Clark St & Chicago Ave",19,19,"In Service",41.89675,-87.63089,"(41.89675, -87.63089)"
49,"Dearborn St & Monroe St",39,39,"In Service",41.88131982,-87.62952092,"(41.881319815, -87.6295209193)"
324,"Stockton Dr & Wrightwood Ave",15,15,"In Service",41.93132,-87.638742,"(41.93132, -87.638742)"
234,"Clark St & Montrose Ave",19,19,"In Service",41.961588,-87.666036,"(41.961588, -87.666036)"
75,"Canal St & Jackson Blvd",43,43,"In Service",41.877245,-87.639366,"(41.877245, -87.639366)"
260,"Kedzie Ave & Milwaukee Ave",35,35,"In Service",41.929567,-87.707857,"(41.929567, -87.707857)"
302,"Sheffield Ave & Wrightwood Ave",31,31,"In Service",41.928712,-87.653833,"(41.928712, -87.653833)"
304,"Broadway & Waveland Ave",15,15,"In Service",41.949074,-87.648636,"(41.949074, -87.648636)"
216,"California Ave & Division St",15,15,"In Service",41.903029,-87.697474,"(41.903029, -87.697474)"
42,"Wabash Ave & Cermak Rd",11,11,"In Service",41.852619,-87.626488,"(41.852619, -87.626488)"
195,"Columbus Dr & Randolph St",55,55,"In Service",41.884728,-87.619521,"(41.884728, -87.619521)"
303,"Broadway & Cornelia Ave",23,23,"In Service",41.945529,-87.646439,"(41.945529, -87.646439)"
319,"Greenview Ave & Diversey Pkwy",15,15,"In Service",41.93258963,-87.66593635,"(41.93258963429789, -87.66593635082245)"
91,"Clinton St & Washington Blvd",31,31,"In Service",41.88338,-87.64117,"(41.88338, -87.64117)"
185,"Stave St & Armitage Ave",11,11,"In Service",41.917741,-87.691392,"(41.917741, -87.691392)"
28,"Larrabee St & Menomonee St",15,15,"In Service",41.91468,-87.64332,"(41.91468, -87.64332)"
81,"Daley Center Plaza",20,20,"In Service",41.884241,-87.629634,"(41.884241, -87.629634)"
283,"LaSalle St & Jackson Blvd",35,35,"In Service",41.878166,-87.631929,"(41.878166, -87.631929)"
45,"Michigan Ave & Ida B Wells Dr",15,15,"In Service",41.876243,-87.624426,"(41.876243, -87.624426)"
273,"Michigan Ave & 18th St",23,23,"In Service",41.857813,-87.62455,"(41.857813, -87.62455)"
192,"Canal St & Adams St",47,47,"In Service",41.879255,-87.639904,"(41.879255, -87.639904)"
71,"Sangamon St & Lake St",23,23,"In Service",41.88577925,-87.65102461,"(41.88577925240433, -87.65102460980414)"
300,"Broadway & Barry Ave",19,19,"In Service",41.93758232,-87.64409781,"(41.93758231600629, -87.6440978050232)"
326,"Clark St & Leland Ave",19,19,"In Service",41.96705643,-87.66699046,"(41.96705642894563, -87.6669904589653)"
236,"Sedgwick St & Schiller St",15,15,"In Service",41.907626,-87.638566,"(41.907626, -87.638566)"
134,"Peoria St & Jackson Blvd",19,19,"In Service",41.8776416,-87.64961779,"(41.8776415962753, -87.64961779117584)"
233,"Sangamon St & Washington Blvd",15,15,"In Service",41.883165,-87.6511,"(41.883165, -87.6511)"
186,"Ogden Ave & Race Ave",15,15,"In Service",41.891795,-87.658751,"(41.891795, -87.658751)"
122,"Ogden Ave & Congress Pkwy",15,15,"In Service",41.87501,-87.67328,"(41.87501, -87.67328)"
58,"Elston Ave & Cortland St",23,23,"In Service",41.91643343,-87.66674638,"(41.91643342912655, -87.66674637794495)"
349,"Halsted St & Wrightwood Ave",15,15,"In Service",41.929143,-87.649077,"(41.929143, -87.649077)"
285,"Wood St & Hubbard St",19,19,"In Service",41.889899,-87.671473,"(41.889899, -87.671473)"
343,"Racine Ave & Wrightwood Ave",15,15,"In Service",41.928887,-87.658971,"(41.928887, -87.658971)"
77,"Clinton St & Madison St",31,31,"In Service",41.882242,-87.641066,"(41.882242, -87.641066)"
299,"Halsted St & Roscoe St",15,15,"In Service",41.94367,-87.64895,"(41.94367, -87.64895)"
274,"Racine Ave & 15th St",15,15,"In Service",41.861267,-87.656625,"(41.861267, -87.656625)"
37,"Dearborn St & Adams St",19,19,"In Service",41.87935636,-87.62979104,"(41.8793563587, -87.6297910363)"
167,"Damen Ave & Coulter St",7,7,"In Service",41.8492,-87.67564,"(41.8492, -87.67564)"
292,"Southport Ave & Clark St",11,11,"In Service",41.957081,-87.664199,"(41.957081, -87.664199)"
80,"Aberdeen St & Monroe St",19,19,"In Service",41.880419,-87.655519,"(41.880419, -87.655519)"
290,"Kedzie Ave & Palmer Ct",15,15,"In Service",41.921525,-87.707322,"(41.921525, -87.707322)"
135,"Halsted St & 21st St",11,11,"In Service",41.85377981,-87.64660299,"(41.85377981072743, -87.6466029882431)"
146,"Loomis St & Jackson Blvd",19,19,"In Service",41.877945,-87.662007,"(41.877945, -87.662007)"
164,"Franklin St & Lake St",27,27,"In Service",41.885837,-87.6355,"(41.885837, -87.6355)"
336,"Cottage Grove Ave & 47th St",15,15,"In Service",41.809855,-87.606755,"(41.809855, -87.606755)"
84,"Milwaukee Ave & Grand Ave",19,19,"In Service",41.891578,-87.648384,"(41.891578, -87.648384)"
110,"Dearborn St & Erie St",27,27,"In Service",41.893992,-87.629318,"(41.893992, -87.629318)"
62,"McCormick Place",27,27,"In Service",41.85137517,-87.61883465,"(41.8513751729, -87.6188346489)"
99,"McClurg Ct & Ohio St",19,19,"In Service",41.89259212,-87.61728913,"(41.892592119709725, -87.61728912591934)"
197,"Michigan Ave & Madison St",19,19,"In Service",41.882134,-87.625125,"(41.882134, -87.625125)"
24,"Fairbanks Ct & Grand Ave",15,15,"In Service",41.89184737,-87.6205802,"(41.89184737210993, -87.62058019638062)"
342,"Wolcott Ave & Polk St",23,23,"In Service",41.871262,-87.673688,"(41.871262, -87.673688)"
242,"Damen Ave & Leland Ave",15,15,"In Service",41.967094,-87.679028,"(41.967094, -87.679028)"
317,"Wood St & Taylor St (Temp)",23,23,"In Service",41.86926522,-87.67373085,"(41.869265218438194, -87.67373085021973)"
175,"Wells St & Polk St",19,19,"In Service",41.87273154,-87.63351649,"(41.872731542263075, -87.63351649045944)"
232,"Pine Grove Ave & Waveland Ave",23,23,"In Service",41.94947274,-87.64645279,"(41.94947274088333, -87.64645278453827)"
166,"Ashland Ave & Wrightwood Ave",15,15,"In Service",41.92883,-87.668507,"(41.92883, -87.668507)"
23,"Orleans St & Elm St",15,15,"In Service",41.902924,-87.637715,"(41.902924, -87.637715)"
332,"Burling St & Diversey Pkwy",19,19,"In Service",41.93314,-87.64776,"(41.93314, -87.64776)"
198,"Green St & Madison St",27,27,"In Service",41.881892,-87.648789,"(41.881892, -87.648789)"
168,"Michigan Ave & 14th St",19,19,"In Service",41.864059,-87.623727,"(41.864059, -87.623727)"
74,"Kingsbury St & Erie St",23,23,"In Service",41.89380806,-87.64169723,"(41.89380805624359, -87.64169722795485)"
339,"Emerald Ave & 31st St",11,11,"In Service",41.838198,-87.645143,"(41.838198, -87.645143)"
308,"Seeley Ave & Roscoe St",11,11,"In Service",41.943403,-87.679618,"(41.943403, -87.679618)"
59,"Wabash Ave & Roosevelt Rd",23,23,"In Service",41.867227,-87.625961,"(41.867227, -87.625961)"
98,"LaSalle St & Washington St",15,15,"In Service",41.882664,-87.63253,"(41.882664, -87.63253)"
225,"Halsted St & Dickens Ave",23,23,"In Service",41.919936,-87.64883,"(41.919936, -87.64883)"
287,"Franklin St & Monroe St",31,31,"In Service",41.880317,-87.635185,"(41.880317, -87.635185)"
114,"Sheffield Ave & Waveland Ave",27,27,"In Service",41.949399,-87.654529,"(41.949399, -87.654529)"
212,"Wells St & Hubbard St",31,31,"In Service",41.889906,-87.634266,"(41.889906, -87.634266)"
53,"Wells St & Huron St",27,27,"In Service",41.894722,-87.634362,"(41.894722, -87.634362)"
16,"Paulina Ave & North Ave",15,15,"In Service",41.90985465,-87.66993016,"(41.90985465216731, -87.66993016004562)"
229,"Southport Ave & Roscoe St",19,19,"In Service",41.943739,-87.66402,"(41.943739, -87.66402)"
329,"DuSable Lake Shore Dr & Diversey Pkwy",23,23,"In Service",41.932588,-87.636427,"(41.932588, -87.636427)"
256,"Broadway & Sheridan Rd",15,15,"In Service",41.952833,-87.649993,"(41.952833, -87.649993)"
177,"Theater on the Lake",31,31,"In Service",41.926277,-87.630834,"(41.926277, -87.630834)"
106,"State St & Pearson St",27,27,"In Service",41.897448,-87.628722,"(41.897448, -87.628722)"
313,"Lakeview Ave & Fullerton Pkwy",19,19,"In Service",41.925858,-87.638973,"(41.925858, -87.638973)"
183,"Damen Ave & Thomas St (Augusta Blvd)",23,23,"In Service",41.901315,-87.677409,"(41.901315, -87.677409)"
165,"Clark St & Grace St",23,23,"In Service",41.95078,-87.659172,"(41.95078, -87.659172)"
296,"Broadway & Belmont Ave",19,19,"Not In Service",41.940106,-87.645451,"(41.940106, -87.645451)"
35,"Streeter Dr & Grand Ave",47,47,"In Service",41.892278,-87.612043,"(41.892278, -87.612043)"
144,"Larrabee St & Webster Ave",19,19,"In Service",41.921822,-87.64414,"(41.921822, -87.64414)"
230,"Wood St & Webster Ave",19,19,"In Service",41.92105673,-87.67279744,"(41.92105672992757, -87.67279744148254)"
254,"Pine Grove Ave & Irving Park Rd",15,15,"In Service",41.954383,-87.648043,"(41.954383, -87.648043)"
21,"Aberdeen St & Jackson Blvd",23,23,"In Service",41.87772613,-87.65478743,"(41.87772613, -87.65478743)"
137,"Morgan Ave & 14th Pl",15,15,"In Service",41.862378,-87.651062,"(41.862378, -87.651062)"
44,"State St & Randolph St",23,23,"In Service",41.88462107,-87.62783423,"(41.88462107257936, -87.62783423066139)"
15,"Racine Ave & 18th St",15,15,"In Service",41.858166,-87.656495,"(41.858166, -87.656495)"
100,"Orleans St & Merchandise Mart Plaza",35,35,"In Service",41.888243,-87.63639,"(41.888243, -87.63639)"
227,"Southport Ave & Waveland Ave",23,23,"In Service",41.94815,-87.66394,"(41.94815, -87.66394)"
294,"Broadway & Berwyn Ave",15,15,"In Service",41.978353,-87.659753,"(41.978353, -87.659753)"
347,"Ashland Ave & Grace St",15,15,"In Service",41.950687,-87.6687,"(41.950687, -87.6687)"
267,"Lake Park Ave & 47th St",15,15,"In Service",41.809443,-87.591875,"(41.809443, -87.591875)"
224,"Halsted St & Willow St",19,19,"In Service",41.913865,-87.648755,"(41.913865, -87.648755)"
131,"Lincoln Ave & Belmont Ave (Temp)",15,15,"In Service",41.93953162,-87.67111436,"(41.93953161982257, -87.6711143553257)"
156,"Clark St & Wellington Ave",15,15,"In Service",41.93649682,-87.64753866,"(41.9364968219, -87.6475386582)"
97,"Field Museum",55,55,"In Service",41.865312,-87.617867,"(41.865312, -87.617867)"
325,"Clark St & Winnemac Ave",19,19,"In Service",41.97334764,-87.66785547,"(41.973347640473044, -87.6678554713726)"
27,"Larrabee St & North Ave",19,19,"In Service",41.91021,-87.6435,"(41.91021, -87.6435)"
86,"Eckhart Park",19,19,"In Service",41.89637337,-87.66098386,"(41.89637337, -87.66098386)"
85,"Michigan Ave & Oak St",23,23,"In Service",41.90096039,-87.62377664,"(41.90096039, -87.62377664)"
188,"Greenview Ave & Fullerton Ave",15,15,"In Service",41.92533,-87.6658,"(41.92533, -87.6658)"
312,"Clarendon Ave & Gordon Ter",15,15,"In Service",41.95786652,-87.64950514,"(41.95786652415174, -87.64950513839722)"
46,"Wells St & Walton St",19,19,"In Service",41.89993001,-87.63443007,"(41.89993001, -87.63443007)"
327,"Sheffield Ave & Webster Ave",19,19,"In Service",41.92154,-87.653818,"(41.92154, -87.653818)"
239,"Western Ave & Leland Ave",19,19,"In Service",41.9663998,-87.68870428,"(41.966399801840986, -87.68870428204536)"
17,"Honore St & Division St",23,23,"In Service",41.903119,-87.673935,"(41.903119, -87.673935)"
258,"Logan Blvd & Elston Ave",27,27,"In Service",41.929465,-87.684158,"(41.929465, -87.684158)"
129,"Blue Island Ave & 18th St",15,15,"In Service",41.857556,-87.661535,"(41.857556, -87.661535)"
57,"Clinton St & Roosevelt Rd",15,15,"In Service",41.86711778,-87.64108796,"(41.8671177825, -87.6410879593)"
154,"Southport Ave & Belmont Ave",15,15,"In Service",41.93947775,-87.66374767,"(41.93947775040509, -87.6637476682663)"
248,"Woodlawn Ave & 55th St",19,19,"In Service",41.795264,-87.596471,"(41.795264, -87.596471)"
121,"Blackstone Ave & Hyde Park Blvd",19,19,"In Service",41.802562,-87.590368,"(41.802562, -87.590368)"
191,"Canal St & Monroe St",27,27,"In Service",41.88169,-87.63953,"(41.88169, -87.63953)"
20,"Sheffield Ave & Kingsbury St",15,15,"In Service",41.910522,-87.653106,"(41.910522, -87.653106)"
43,"Michigan Ave & Washington St",43,43,"In Service",41.88398407,-87.62468398,"(41.8839840647265, -87.6246839761734)"
153,"Southport Ave & Wellington Ave",19,19,"In Service",41.935733,-87.663576,"(41.935733, -87.663576)"
309,"Leavitt St & Armitage Ave",11,11,"In Service",41.917805,-87.682437,"(41.917805, -87.682437)"
92,"Carpenter St & Huron St",19,19,"In Service",41.894556,-87.653449,"(41.894556, -87.653449)"
190,"Southport Ave & Wrightwood Ave",15,15,"In Service",41.928773,-87.663913,"(41.928773, -87.663913)"
346,"Ada St & Washington Blvd",15,15,"In Service",41.88283,-87.661206,"(41.88283, -87.661206)"
241,"Morgan St & Polk St",19,19,"In Service",41.871737,-87.65103,"(41.871737, -87.65103)"
140,"Dearborn Pkwy & Delaware Pl",19,19,"In Service",41.898969,-87.629912,"(41.898969, -87.629912)"
276,"California Ave & North Ave",11,11,"In Service",41.9104754,-87.6968944,"(41.9104754, -87.6968944)"
284,"Michigan Ave & Jackson Blvd",23,23,"In Service",41.87785,-87.62408,"(41.87785, -87.62408)"
338,"Calumet Ave & 18th St",15,15,"In Service",41.857611,-87.619407,"(41.857611, -87.619407)"
257,"Lincoln Ave & Waveland Ave",15,15,"In Service",41.948797,-87.675278,"(41.948797, -87.675278)"
138,"Clybourn Ave & Division St",15,15,"In Service",41.904613,-87.640552,"(41.904613, -87.640552)"
297,"Paulina St & Montrose Ave",15,15,"In Service",41.961507,-87.671387,"(41.961507, -87.671387)"
321,"Wabash Ave & 9th St",19,19,"In Service",41.870769,-87.625734,"(41.870769, -87.625734)"
223,"Clifton Ave & Armitage Ave",15,15,"In Service",41.918216,-87.656936,"(41.918216, -87.656936)"
22,"May St & Taylor St",15,15,"In Service",41.8694821,-87.6554864,"(41.8694821, -87.6554864)"
205,"Paulina St & 18th St",15,15,"In Service",41.857901,-87.668745,"(41.857901, -87.668745)"
108,"Halsted St & Polk St",19,19,"In Service",41.87184,-87.64664,"(41.87184, -87.64664)"
32,"Racine Ave & Congress Pkwy",19,19,"In Service",41.87464,-87.65703,"(41.87464, -87.65703)"
33,"State St & Van Buren St",27,27,"In Service",41.877181,-87.627844,"(41.877181, -87.627844)"
204,"Prairie Ave & Garfield Blvd",11,11,"In Service",41.794853,-87.618691,"(41.794853, -87.618691)"
68,"Clinton St & Tilden St",23,23,"In Service",41.875885,-87.640795,"(41.875885, -87.640795)"
109,"900 W Harrison St",19,19,"In Service",41.874754,-87.649807,"(41.874754, -87.649807)"
298,"Lincoln Ave & Belle Plaine Ave",15,15,"In Service",41.95600355,-87.68016145,"(41.95600355078549, -87.68016144633293)"
88,"Racine Ave & Randolph St",19,19,"In Service",41.884069,-87.656853,"(41.884069, -87.656853)"
211,"St. Clair St & Erie St",19,19,"In Service",41.89434514,-87.62279838,"(41.89434513742426, -87.62279838323593)"
162,"Damen Ave & Wellington Ave",15,15,"In Service",41.93588,-87.67842,"(41.93588, -87.67842)"
112,"Green St & Washington Blvd",11,11,"In Service",41.88318131,-87.64872462,"(41.88318130597391, -87.64872461557388)"
328,"Ellis Ave & 58th St",19,19,"In Service",41.788746,-87.601334,"(41.788746, -87.601334)"
148,"State St & 33rd St",15,15,"In Service",41.834734,-87.625813,"(41.834734, -87.625813)"
173,"Mies van der Rohe Way & Chicago Ave",15,15,"In Service",41.89694463,-87.62175769,"(41.896944626370825, -87.62175768613815)"
345,"Lake Park Ave & 56th St",19,19,"In Service",41.793242,-87.587782,"(41.793242, -87.587782)"
282,"Halsted St & Maxwell St",15,15,"In Service",41.864883,-87.647071,"(41.864883, -87.647071)"
76,"DuSable Lake Shore Dr & Monroe St",39,39,"In Service",41.880958,-87.616743,"(41.880958, -87.616743)"
344,"Ravenswood Ave & Lawrence Ave",47,47,"In Service",41.96909,-87.674237,"(41.96909, -87.674237)"
202,"Halsted St & 18th St",15,15,"In Service",41.85750568,-87.64599145,"(41.85750568031716, -87.64599144458771)"
206,"Halsted St & Archer Ave",15,15,"In Service",41.847203,-87.646795,"(41.847203, -87.646795)"
261,"Hermitage Ave & Polk St",15,15,"In Service",41.871514,-87.669886,"(41.871514, -87.669886)"
238,"Wolcott (Ravenswood) Ave & Montrose Ave",15,15,"In Service",41.961406,-87.676169,"(41.961406, -87.676169)"
264,"Stetson Ave & South Water St",19,19,"In Service",41.886835,-87.62232,"(41.886835, -87.62232)"
19,"Throop St & Taylor St",15,15,"In Service",41.868968,-87.659141,"(41.868968, -87.659141)"
196,"Cityfront Plaza Dr & Pioneer Ct",31,31,"In Service",41.890573,-87.622072,"(41.890573, -87.622072)"
334,"DuSable Lake Shore Dr & Belmont Ave",19,19,"In Service",41.940775,-87.639192,"(41.940775, -87.639192)"
208,"Laflin St & Cullerton St",15,15,"In Service",41.85491458,-87.66355991,"(41.85491457576575, -87.66355991363525)"
5,"State St & Harrison St",23,23,"In Service",41.874053,-87.627716,"(41.874053, -87.627716)"
215,"Damen Ave & Madison St",15,15,"In Service",41.88137,-87.67493,"(41.88137, -87.67493)"
244,"Ravenswood Ave & Irving Park Rd",19,19,"In Service",41.95469,-87.67393,"(41.95469, -87.67393)"
124,"Damen Ave & Cullerton St",15,15,"In Service",41.85496652,-87.67569959,"(41.854966518753926, -87.67569959163664)"
207,"Emerald Ave & 28th St",15,15,"In Service",41.84358,-87.645368,"(41.84358, -87.645368)"
288,"Larrabee St & Armitage Ave",15,15,"In Service",41.918084,-87.643749,"(41.918084, -87.643749)"
160,"Campbell Ave & North Ave",15,15,"In Service",41.910535,-87.689556,"(41.910535, -87.689556)"
331,"Halsted St & Clybourn Ave",27,27,"In Service",41.909668,-87.648128,"(41.909668, -87.648128)"
335,"Calumet Ave & 35th St",15,15,"In Service",41.831379,-87.618034,"(41.831379, -87.618034)"
272,"Indiana Ave & 31st St",11,11,"In Service",41.838842,-87.621857,"(41.838842, -87.621857)"
320,"Loomis St & Lexington St",19,19,"In Service",41.872187,-87.661501,"(41.872187, -87.661501)"
163,"Damen Ave & Clybourn Ave",15,15,"In Service",41.931931,-87.677856,"(41.931931, -87.677856)"
251,"Clarendon Ave & Leland Ave",15,15,"In Service",41.967968,-87.650001,"(41.967968, -87.650001)"
310,"Damen Ave & Charleston St",11,11,"In Service",41.920082,-87.677855,"(41.920082, -87.677855)"
119,"Ashland Ave & Lake St",19,19,"In Service",41.88592,-87.66717,"(41.88592, -87.66717)"
184,"State St & 35th St",19,19,"In Service",41.83103631,-87.62679756,"(41.8310363140161, -87.62679755687714)"
314,"Ravenswood Ave & Berteau Ave",15,15,"In Service",41.957921,-87.673567,"(41.957921, -87.673567)"
55,"Halsted St & Roosevelt Rd",23,23,"In Service",41.867324,-87.648625,"(41.867324, -87.648625)"
228,"Damen Ave & Melrose Ave",15,15,"In Service",41.9406,-87.6785,"(41.9406, -87.6785)"
178,"State St & 19th St",15,15,"In Service",41.856594,-87.627542,"(41.856594, -87.627542)"
136,"Racine Ave & 13th St",15,15,"In Service",41.865054,-87.656959,"(41.865054, -87.656959)"
246,"Ashland Ave & Belle Plaine Ave",11,11,"In Service",41.956057,-87.668835,"(41.956057, -87.668835)"
116,"Western Ave & Winnebago Ave",15,15,"In Service",41.91552,-87.687022,"(41.91552, -87.687022)"
120,"Wentworth Ave & Cermak Rd",19,19,"In Service",41.85308456,-87.63193131,"(41.85308455741279, -87.63193130493164)"
34,"Cannon Dr & Fullerton Ave",15,15,"In Service",41.92675599,-87.63442879,"(41.9267559875, -87.6344287848)"
72,"Wabash Ave & 16th St",39,39,"In Service",41.860384,-87.625813,"(41.860384, -87.625813)"
323,"Sheridan Rd & Lawrence Ave",15,15,"In Service",41.969517,-87.654691,"(41.969517, -87.654691)"
171,"May St & Cullerton St",11,11,"In Service",41.855136,-87.654127,"(41.855136, -87.654127)"
330,"Lincoln Ave & Addison St",19,19,"In Service",41.946176,-87.673308,"(41.946176, -87.673308)"
316,"Damen Ave & Sunnyside Ave",19,19,"In Service",41.96325,-87.679258,"(41.96325, -87.679258)"
295,"Broadway & Argyle St",19,19,"In Service",41.973815,-87.65966,"(41.973815, -87.65966)"
341,"Adler Planetarium",39,39,"In Service",41.866095,-87.607267,"(41.866095, -87.607267)"
159,"Claremont Ave & Hirsch St",11,11,"In Service",41.907781,-87.685854,"(41.907781, -87.685854)"
307,"Southport Ave & Clybourn Ave",15,15,"In Service",41.920771,-87.663712,"(41.920771, -87.663712)"
243,"Lincoln Ave & Sunnyside Ave",15,15,"In Service",41.963004,-87.684781,"(41.963004, -87.684781)"
311,"Leavitt St & Lawrence Ave",19,19,"In Service",41.968885,-87.684001,"(41.968885, -87.684001)"
150,"Fort Dearborn Dr & 31st St",27,27,"In Service",41.838556,-87.608218,"(41.838556, -87.608218)"
322,"Kimbark Ave & 53rd St",19,19,"In Service",41.799568,-87.594747,"(41.799568, -87.594747)"
253,"Winthrop Ave & Lawrence Ave",15,15,"In Service",41.968812,-87.657659,"(41.968812, -87.657659)"
249,"Montrose Harbor",31,31,"In Service",41.963982,-87.638181,"(41.963982, -87.638181)"
218,"Wells St & 19th St",11,11,"In Service",41.856802,-87.633879,"(41.856802, -87.633879)"
170,"Clinton St & 18th St",15,15,"In Service",41.85795,-87.640826,"(41.85795, -87.640826)"
203,"Western Ave & 21st St",15,15,"In Service",41.854109,-87.685838,"(41.854109, -87.685838)"
149,"Calumet Ave & 33rd St",11,11,"In Service",41.8349,-87.61793,"(41.8349, -87.61793)"
265,"Cottage Grove Ave & Oakwood Blvd",15,15,"In Service",41.822985,-87.6071,"(41.822985, -87.6071)"
247,"Shore Dr & 55th St",19,19,"In Service",41.795212,-87.580715,"(41.795212, -87.580715)"
271,"Cottage Grove Ave & 43rd St",11,11,"In Service",41.816499,-87.606582,"(41.816499, -87.606582)"
179,"MLK Jr Dr & Pershing Rd",15,15,"In Service",41.8246,-87.61678,"(41.8246, -87.61678)"
237,"MLK Jr Dr & 29th St",19,19,"In Service",41.842052,-87.617,"(41.842052, -87.617)"
279,"Halsted St & 35th St",15,15,"In Service",41.830661,-87.647172,"(41.830661, -87.647172)"
263,"Rhodes Ave & 32nd St",11,11,"In Service",41.836208,-87.613533,"(41.836208, -87.613533)"
147,"Indiana Ave & 26th St",15,15,"In Service",41.845687,-87.622481,"(41.845687, -87.622481)"
275,"Ashland Ave & 13th St",15,15,"In Service",41.865234,-87.666507,"(41.865234, -87.666507)"
132,"Wentworth Ave & 24th St (Temp)",15,15,"In Service",41.85008369,-87.63214052,"(41.85008369347577, -87.6321405172348)"
201,"Indiana Ave & 40th St",11,11,"In Service",41.82168,-87.6216,"(41.82168, -87.6216)"
252,"Greenwood Ave & 47th St",15,15,"In Service",41.809835,-87.599383,"(41.809835, -87.599383)"
193,"State St & 29th St",11,11,"In Service",41.841707,-87.626938,"(41.841707, -87.626938)"
281,"Western Ave & 24th St",7,7,"In Service",41.84847,-87.685109,"(41.84847, -87.685109)"
348,"California Ave & 21st St",15,15,"In Service",41.85380407,-87.6957424,"(41.8538040657915, -87.69574239850043)"
351,"Cottage Grove Ave & 51st St",15,15,"In Service",41.803038,-87.606615,"(41.803038, -87.606615)"
278,"Wallace St & 35th St",15,15,"In Service",41.83070705,-87.64125533,"(41.830707051440854, -87.64125533401966)"
262,"Halsted St & 37th St",11,11,"In Service",41.827059,-87.64572,"(41.827059, -87.64572)"
200,"MLK Jr Dr & 47th St",11,11,"In Service",41.809851,-87.616279,"(41.809851, -87.616279)"
420,"Ellis Ave & 55th St",19,19,"In Service",41.79430062,-87.60144977,"(41.79430062054, -87.6014497734)"
366,"Loomis St & Archer Ave",11,11,"In Service",41.84163254,-87.65743495,"(41.84163253965, -87.6574349533)"
367,"Racine Ave & 35th St",15,15,"In Service",41.83068857,-87.65621066,"(41.83068856472101, -87.65621066093445)"
368,"Ashland Ave & Archer Ave",15,15,"In Service",41.83920868,-87.66560986,"(41.83920868403, -87.6656098589)"
9,"Leavitt St & Archer Ave",15,15,"In Service",41.82879202,-87.68060446,"(41.82879201994, -87.6806044594)"
403,"Wentworth Ave & 33rd St",15,15,"In Service",41.83452989,-87.63182298,"(41.83452988563, -87.6318229814)"
408,"Union Ave & Root St",11,11,"In Service",41.819102,-87.643278,"(41.819102, -87.643278)"
369,"Wood St & 35th St",11,11,"In Service",41.83010465,-87.67029831,"(41.83010465416, -87.6702983089)"
407,"State St & Pershing Rd",11,11,"In Service",41.82301524,-87.62656802,"(41.82301523798, -87.6265680185)"
416,"Dorchester Ave & 49th St",15,15,"In Service",41.805772,-87.592464,"(41.805772, -87.592464)"
410,"Prairie Ave & 43rd St",15,15,"In Service",41.81665889,-87.61941246,"(41.81665889302, -87.6194124619)"
411,"Halsted St & 47th Pl",11,11,"In Service",41.80813392,-87.64561655,"(41.80813391481, -87.6456165545)"
413,"Woodlawn Ave & Lake Park Ave",15,15,"In Service",41.81409271,-87.59700515,"(41.81409271048, -87.5970051479)"
417,"Cornell Ave & Hyde Park Blvd",19,19,"In Service",41.802406,-87.586924,"(41.802406, -87.586924)"
406,"Lake Park Ave & 35th St",19,19,"In Service",41.83127424,-87.6087992,"(41.83127423549, -87.6087991946)"
419,"Lake Park Ave & 53rd St",15,15,"In Service",41.79949429,-87.5864499,"(41.79949429373, -87.5864498959)"
386,"Halsted St & 56th St",11,11,"In Service",41.79292965,-87.64499006,"(41.79292964599, -87.6449900565)"
412,"Princeton Ave & 47th St",11,11,"In Service",41.80931771,-87.63344929,"(41.80931770924, -87.633449288)"
426,"Ellis Ave & 60th St",19,19,"In Service",41.78509715,-87.60107276,"(41.78509714636, -87.6010727606)"
425,"Harper Ave & 59th St",15,15,"In Service",41.78794281,-87.58831517,"(41.78794281287, -87.5883151702)"
423,"University Ave & 57th St",31,31,"In Service",41.791478,-87.599861,"(41.791478, -87.599861)"
409,"Shields Ave & 43rd St",11,11,"In Service",41.81620768,-87.63481935,"(41.81620767856, -87.6348193497)"
402,"Shields Ave & 31st St",15,15,"In Service",41.838464,-87.635406,"(41.838464, -87.635406)"
418,"Ellis Ave & 53rd St",11,11,"In Service",41.79933626,-87.60095812,"(41.79933626261, -87.6009581145)"
424,"Museum of Science and Industry",27,27,"In Service",41.79172821,-87.58394501,"(41.79172820953, -87.583945009)"
18,"Wacker Dr & Washington St",15,15,"In Service",41.88314336,-87.63724208,"(41.88314336439022, -87.63724207878113)"
38,"Clark St & Lake St",27,27,"In Service",41.88602083,-87.63087606,"(41.88602082773, -87.6308760584)"
7,"Field Blvd & South Water St",19,19,"In Service",41.88634906,-87.61751655,"(41.88634906269, -87.6175165471)"
39,"Wabash Ave & Adams St",23,23,"In Service",41.87947235,-87.62568861,"(41.87947235235, -87.6256886059)"
415,"Calumet Ave & 51st St",11,11,"In Service",41.80229465,-87.61805358,"(41.80229465088, -87.6180535802)"
384,"Halsted St & 51st St",11,11,"In Service",41.80183164,-87.6452139,"(41.80183164049, -87.645213904)"
101,"63rd St Beach",15,15,"In Service",41.78091096,-87.57632375,"(41.78091096424803, -87.57632374763489)"
400,"Cottage Grove Ave & 71st St",11,11,"In Service",41.76571904,-87.60495971,"(41.76571903697, -87.604959713)"
3,"Shedd Aquarium",55,55,"In Service",41.86722596,-87.61535539,"(41.86722595682, -87.6153553902)"
6,"Dusable Harbor",39,39,"In Service",41.886976,-87.612813,"(41.886976, -87.612813)"
427,"Cottage Grove Ave & 63rd St",15,15,"In Service",41.78053094,-87.6059702,"(41.78053094070882, -87.6059702038765)"
133,"Kingsbury St & Kinzie St",31,31,"In Service",41.88917683,-87.63850577,"(41.88917683258, -87.6385057718)"
96,"Desplaines St & Randolph St",23,23,"In Service",41.88461619,-87.64457059,"(41.88461618962, -87.6445705849)"
41,"Federal St & Polk St",19,19,"In Service",41.87207763,-87.62954377,"(41.87207763285, -87.6295437729)"
107,"Desplaines St & Jackson Blvd",27,27,"In Service",41.8781189,-87.6439476,"(41.87811890091227, -87.64394760131836)"
40,"LaSalle St & Adams St",15,15,"In Service",41.87934437,-87.63198522,"(41.87934437346, -87.6319852213)"
393,"Calumet Ave & 71st St",11,11,"In Service",41.76550801,-87.61691793,"(41.76550800581, -87.616917925)"
430,"MLK Jr Dr & 63rd St",11,11,"In Service",41.78008064,-87.61594286,"(41.78008063659, -87.6159428567)"
355,"South Shore Dr & 67th St",15,15,"In Service",41.773643,-87.567514,"(41.773643, -87.567514)"
12,"South Shore Dr & 71st St",15,15,"In Service",41.76640946,-87.56568757,"(41.7664094567, -87.5656875719)"
398,"Rainbow Beach",15,15,"In Service",41.75787145,-87.54938625,"(41.75787144829, -87.54938625)"
388,"Halsted & 63rd - Kennedy-King Vaccination Site",11,11,"In Service",41.77938114,-87.64462082,"(41.77938114228, -87.6446208145)"
428,"Dorchester Ave & 63rd St",11,11,"In Service",41.78040565,-87.59141599,"(41.7804056457, -87.5914159893)"
434,"Ogden Ave & Roosevelt Rd",19,19,"In Service",41.86650148,-87.68469707,"(41.86650148316, -87.68469707)"
433,"Kedzie Ave & Harrison St",11,11,"In Service",41.87359968,-87.70487075,"(41.87359967462, -87.7048707493)"
383,"Paulina St & Flournoy St",31,31,"In Service",41.87295,-87.66913,"(41.87295, -87.66913)"
435,"Kedzie Ave & Roosevelt Rd",11,11,"In Service",41.86649278,-87.70649618,"(41.86649278172, -87.7064961757)"
439,"Kedzie Ave & 21st St",11,11,"In Service",41.85353363,-87.70507303,"(41.85353363213, -87.7050730318)"
441,"Kedzie Ave & 24th St",11,11,"In Service",41.84819095,-87.70541375,"(41.84819094491, -87.7054137458)"
444,"Albany Ave & 26th St",11,11,"In Service",41.84447501,-87.70201301,"(41.84447501366, -87.7020130128)"
376,"Artesian Ave & Hubbard St",35,35,"In Service",41.88949182,-87.68821937,"(41.88949181977, -87.6882193648)"
431,"Eberhart Ave & 61st St",11,11,"In Service",41.78407107,-87.61448354,"(41.784071072761, -87.61448353528975)"
381,"Western Ave & Monroe St",15,15,"In Service",41.87978771,-87.68611281,"(41.8797877089, -87.686112808)"
378,"California Ave & Lake St",11,11,"In Service",41.88445396,-87.69629814,"(41.88445395657, -87.6962981368)"
374,"Western Ave & Walton St",23,23,"In Service",41.89841769,-87.68659602,"(41.89841768945, -87.6865960164)"
270,"Stony Island Ave & 75th St",11,11,"In Service",41.75866967,-87.58688287,"(41.7586696704, -87.586882871)"
382,"Western Ave & Congress Pkwy",19,19,"In Service",41.87474885,-87.68644528,"(41.87474885079, -87.6864452757)"
352,"Jeffery Blvd & 67th St",11,11,"In Service",41.77351755,-87.57714283,"(41.77351755125, -87.5771428255)"
385,"Princeton Ave & Garfield Blvd",11,11,"In Service",41.794982,-87.633124,"(41.794982, -87.633124)"
442,"California Ave & 23rd Pl",11,11,"In Service",41.84910969,-87.69513981,"(41.84910969176, -87.6951398068)"
445,"California Ave & 26th St",11,11,"In Service",41.84367992,-87.69496858,"(41.8436799145765, -87.69496858119965)"
436,"Fairfield Ave & Roosevelt Rd",11,11,"In Service",41.866624,-87.694521,"(41.866624, -87.694521)"
399,"South Shore Dr & 74th St",11,11,"In Service",41.76218896,-87.55927465,"(41.76218896038, -87.55927465)"
377,"Kedzie Ave & Lake St",15,15,"In Service",41.88460329,-87.70630374,"(41.88460328501, -87.7063037436)"
438,"Central Park Ave & Ogden Ave",15,15,"In Service",41.8540635,-87.71511734,"(41.854063503874464, -87.71511733531952)"
102,"Stony Island Ave & 67th St",11,11,"In Service",41.7734585,-87.58533974,"(41.77345849948, -87.5853397391)"
372,NA,NA,NA,NA,NA,NA,NA
356,"Stony Island Ave & 71st St",11,11,"In Service",41.76649294,-87.58646088,"(41.7664929373, -87.5864608775)"
506,"Spaulding Ave & Armitage Ave",15,15,"In Service",41.91710804,-87.71022096,"(41.917108034789315, -87.71022096276283)"
443,"Millard Ave & 26th St",7,7,"In Service",41.84453113,-87.715922,"(41.84453112462163, -87.71592199802399)"
499,"Kosciuszko Park",15,15,"In Service",41.93058537,-87.72377736,"(41.93058537138, -87.7237773635)"
11,"Jeffery Blvd & 71st St",11,11,"In Service",41.76663824,-87.57645011,"(41.76663823695, -87.5764501141)"
370,"Calumet Ave & 21st St",15,15,"In Service",41.85418425,-87.61915374,"(41.85418424947, -87.6191537415)"
509,"Troy St & North Ave",15,15,"In Service",41.9097693,-87.70528049,"(41.90976930169, -87.7052804871)"
508,"Central Park Ave & North Ave",15,15,"In Service",41.90965688,-87.71663195,"(41.90965687563, -87.7166319516)"
507,"Humboldt Blvd & Armitage Ave",19,19,"In Service",41.91751339,-87.70180896,"(41.91751339399, -87.7018089555)"
510,"Spaulding Ave & Division St",11,11,"In Service",41.90270659,-87.70921957,"(41.90270659438, -87.709219571)"
373,"Kedzie Ave & Chicago Ave",11,11,"In Service",41.8954653,-87.70612788,"(41.89546530305, -87.7061278837)"
503,"St. Louis Ave & Fullerton Ave",15,15,"In Service",41.9248156,-87.71449506,"(41.92481559681187, -87.71449506282805)"
497,"Kimball Ave & Belmont Ave",15,15,"In Service",41.939398,-87.711561,"(41.939398, -87.711561)"
359,"Larrabee St & Division St",23,23,"In Service",41.90348607,-87.64335349,"(41.90348607004, -87.6433534936)"
391,"Halsted St & 69th St",11,11,"In Service",41.76906172,-87.64461358,"(41.76906172032, -87.6446135779)"
364,"Larrabee St & Oak St",19,19,"In Service",41.90021949,-87.64298547,"(41.90021949323, -87.6429854676)"
395,"Jeffery Blvd & 76th St",11,11,"In Service",41.75712007,-87.57583936,"(41.75712006802, -87.5758393587)"
429,"Cottage Grove Ave & 67th St",11,11,"In Service",41.77372095,-87.60563486,"(41.77372095205, -87.60563486)"
397,NA,NA,NA,NA,NA,NA,NA
498,"California Ave & Fletcher St",19,19,"In Service",41.93842879,-87.69800776,"(41.93842879148, -87.698007756)"
491,"Talman Ave & Addison St",15,15,"In Service",41.94663583,-87.69461476,"(41.9466358306, -87.694614758)"
493,"Western Ave & Roscoe St",11,11,"In Service",41.943034,-87.687288,"(41.943034, -87.687288)"
485,"Sawyer Ave & Irving Park Rd",15,15,"In Service",41.95358618,-87.7093108,"(41.95358617895, -87.7093107999)"
500,"Central Park Ave & Elbridge Ave",15,15,"In Service",41.93533728,-87.71688929,"(41.93533728263, -87.7168892935)"
479,"Drake Ave & Montrose Ave",15,15,"In Service",41.96115408,-87.71656907,"(41.96115407569, -87.7165690733)"
478,"Rockwell St & Eastwood Ave",15,15,"In Service",41.96590014,-87.69363849,"(41.96590013976, -87.6936384935)"
501,"Richmond St & Diversey Ave",15,15,"In Service",41.93190197,-87.70119513,"(41.93190196886, -87.7011951301)"
475,"Washtenaw Ave & Lawrence Ave",15,15,"In Service",41.968987,-87.696027,"(41.968987, -87.696027)"
476,"Kedzie Ave & Leland Ave",15,15,"In Service",41.96668636,-87.70805198,"(41.96668636205, -87.7080519806)"
470,"Kedzie Ave & Foster Ave",11,11,"In Service",41.975672,-87.709261,"(41.975672, -87.709261)"
490,"Troy St & Elston Ave",15,15,"In Service",41.94524357,-87.7066499,"(41.94524356848, -87.7066499009)"
511,"Albany Ave & Bloomingdale Ave",15,15,"In Service",41.91402671,-87.70512646,"(41.91402671273, -87.705126462)"
472,"Lincoln Ave & Winona St",15,15,"In Service",41.9749113,-87.69250256,"(41.97491129677, -87.6925025594)"
477,"Manor Ave & Leland Ave",11,11,"In Service",41.965875,-87.700825,"(41.965875, -87.700825)"
468,"Budlong Woods Library",11,11,"In Service",41.98366471,-87.69642256,"(41.98366470886, -87.6964225611)"
480,"Albany Ave & Montrose Ave",11,11,"In Service",41.961041,-87.705866,"(41.961041, -87.705866)"
505,"Winchester Ave & Elston Ave",15,15,"In Service",41.92409085,-87.67646008,"(41.92409085038, -87.6764600747)"
484,"Monticello Ave & Irving Park Rd",15,15,"In Service",41.95400484,-87.71912818,"(41.95400483876, -87.7191281797)"
483,"Avondale Ave & Irving Park Rd",19,19,"In Service",41.953393,-87.732002,"(41.953393, -87.732002)"
95,"Stony Island Ave & 64th St",11,11,"In Service",41.778881,-87.586647,"(41.778881, -87.586647)"
2,"Buckingham Fountain",39,39,"Not In Service",41.876423,-87.620339,"(41.876423, -87.620339)"
89,"Financial Pl & Ida B Wells Dr",31,31,"In Service",41.87502363,-87.63309404,"(41.8750236280333, -87.6330940425396)"
125,"Rush St & Hubbard St",23,23,"In Service",41.890173,-87.626185,"(41.890173, -87.626185)"
142,"McClurg Ct & Erie St",31,31,"In Service",41.894503,-87.617854,"(41.894503, -87.617854)"
145,"Mies van der Rohe Way & Chestnut St",19,19,"In Service",41.89858665,-87.62191523,"(41.8985866514, -87.6219152258)"
103,"Clinton St & Polk St",15,15,"In Service",41.87146652,-87.64094913,"(41.87146651779, -87.6409491327)"
161,"Rush St & Superior St",23,23,"In Service",41.89576475,-87.62590803,"(41.89576474564, -87.6259080327)"
172,"Rush St & Cedar St",11,11,"In Service",41.9023087,-87.62769053,"(41.90230870122, -87.627690528)"
180,"Ritchie Ct & Banks St",15,15,"In Service",41.906866,-87.626217,"(41.906866, -87.626217)"
421,"MLK Jr Dr & 56th St",11,11,"In Service",41.79342946,-87.61585326,"(41.79342945658, -87.6158532619)"
401,"Shields Ave & 28th Pl",11,11,"In Service",41.842733,-87.635491,"(41.842733, -87.635491)"
454,"Broadway & Granville Ave",23,23,"In Service",41.99477969,-87.66028454,"(41.9947796884, -87.6602845349)"
461,"Broadway & Ridge Ave",15,15,"In Service",41.98404461,-87.66027383,"(41.9840446107, -87.6602738295)"
459,NA,NA,NA,NA,NA,NA,NA
460,"Clark St & Bryn Mawr Ave",15,15,"In Service",41.983593,-87.669154,"(41.983593, -87.669154)"
440,"Central Park Ave & 24th St",11,11,"In Service",41.8481,-87.715068,"(41.8481, -87.715068)"
457,"Clark St & Elmdale Ave",15,15,"In Service",41.99086045,-87.66972363,"(41.990860448125574, -87.66972362995148)"
458,"Broadway & Thorndale Ave",19,19,"In Service",41.98974251,-87.66014062,"(41.98974251144, -87.6601406209)"
449,"Clark St & Columbia Ave",15,15,"In Service",42.00445063,-87.67240241,"(42.00445062934, -87.6724024047)"
396,"Yates Blvd & 75th St",11,11,"In Service",41.758768,-87.56644,"(41.758768, -87.56644)"
392,"Perry Ave & 69th St",11,11,"In Service",41.76929309,-87.62819593,"(41.76929308995, -87.6281959291)"
453,"Clark St & Schreiber Ave",15,15,"In Service",41.99925182,-87.67137734,"(41.99925182186, -87.6713773393)"
452,"Western Ave & Granville Ave",11,11,"In Service",41.99416137,-87.68943828,"(41.99416136902, -87.689438282)"
456,"2112 W Peterson Ave",11,11,"In Service",41.991178,-87.683593,"(41.991178, -87.683593)"
455,"Maplewood Ave & Peterson Ave",11,11,"In Service",41.99023603,-87.69336964,"(41.99023602867, -87.6933696402)"
486,"Oakley Ave & Irving Park Rd",15,15,"In Service",41.95434085,-87.68607962,"(41.95434085219, -87.6860796243)"
448,"Warren Park East",11,11,"In Service",42.00454962,-87.68066615,"(42.00454962194, -87.6806661451)"
450,"Warren Park West",11,11,"In Service",42.001785,-87.688829,"(42.001785, -87.688829)"
492,"Leavitt St & Addison St",15,15,"In Service",41.946655,-87.683359,"(41.946655, -87.683359)"
488,"Pulaski Rd & Eddy St (Temp)",11,11,"In Service",41.946264,-87.731023,"(41.946264, -87.731023)"
489,"Drake Ave & Addison St",15,15,"In Service",41.947326,-87.717582,"(41.947326, -87.717582)"
464,"Damen Ave & Foster Ave",15,15,"In Service",41.97561481,-87.67945904,"(41.97561480459, -87.6794590387)"
502,"California Ave & Altgeld St",15,15,"In Service",41.92669,-87.697668,"(41.92669, -87.697668)"
496,"Avers Ave & Belmont Ave",11,11,"In Service",41.939408,-87.723574,"(41.939408, -87.723574)"
463,"Clark St & Berwyn Ave",19,19,"In Service",41.97803062,-87.66856492,"(41.978030622486564, -87.66856491565704)"
462,"Winchester (Ravenswood) Ave & Balmoral Ave",15,15,"In Service",41.979762,-87.67753,"(41.979762, -87.67753)"
482,"Campbell Ave & Montrose Ave",15,15,"In Service",41.96152593,-87.69116504,"(41.96152593287, -87.6911650414)"
471,"Francisco Ave & Foster Ave",15,15,"In Service",41.97563273,-87.70141944,"(41.97563272521, -87.7014194389)"
432,"Clark St & Lunt Ave",19,19,"In Service",42.00901118,-87.67411172,"(42.009011180580764, -87.67411172389984)"
451,"Sheridan Rd & Loyola Ave",23,23,"In Service",42.00104378,-87.66119824,"(42.00104377979, -87.6611982433)"
375,"Sacramento Blvd & Franklin Blvd",11,11,"In Service",41.89046879,-87.70260751,"(41.89046879243862, -87.70260751247406)"
354,"Sheridan Rd & Greenleaf Ave",15,15,"In Service",42.01058656,-87.6624121,"(42.01058656284, -87.6624120948)"
467,"Western Ave & Lunt Ave",15,15,"In Service",42.0085944,-87.69049224,"(42.0085943972, -87.6904922389)"
447,"Glenwood Ave & Morse Ave",15,15,"In Service",42.00797192,-87.66550239,"(42.00797192287, -87.6655023944)"
466,"Ridge Blvd & Touhy Ave",11,11,"In Service",42.01213228,-87.68291264,"(42.01213227742, -87.6829126443)"
4,"Burnham Harbor",23,23,"In Service",41.85741179,-87.61379153,"(41.85741178707404, -87.61379152536392)"
495,"Keystone Ave & Montrose Ave",11,11,"In Service",41.96110802,-87.7289701,"(41.96110801623, -87.7289701012)"
474,"Christiana Ave & Lawrence Ave",15,15,"In Service",41.96835449,-87.71183067,"(41.96835449363, -87.7118306675)"
365,"Halsted St & North Branch St",15,15,"In Service",41.89939029,-87.64854491,"(41.89939028549696, -87.64854490756989)"
469,"St. Louis Ave & Balmoral Ave",15,15,"In Service",41.98039424,-87.71611496,"(41.98039423475, -87.7161149615)"
414,"Canal St & Taylor St",15,15,"In Service",41.870257,-87.639474,"(41.870257, -87.639474)"
353,"Clark St & Touhy Ave",15,15,"In Service",42.01256012,-87.67436712,"(42.01256011541, -87.6743671152)"
390,"Wentworth Ave & 63rd St",11,11,"In Service",41.78007963,-87.62974631,"(41.78007963264, -87.6297463052)"
494,"Kedzie Ave & Bryn Mawr Ave",15,15,"In Service",41.98222976,-87.70888656,"(41.98222975911517, -87.70888656377792)"
446,"Western & 28th - Velasquez Institute Vaccination Site",11,11,"In Service",41.84151771,-87.68513144,"(41.84151770807, -87.6851314409)"
504,"Campbell Ave & Fullerton Ave",15,15,"In Service",41.92463247,-87.68930701,"(41.92463247165, -87.6893070063)"
437,"Washtenaw Ave & Ogden Ave",15,15,"In Service",41.86193049,-87.69345045,"(41.86193049278259, -87.69345045089722)"
182,"Wells St & Elm St",23,23,"In Service",41.903222,-87.634324,"(41.903222, -87.634324)"
422,"DuSable Museum",11,11,"In Service",41.79156801,-87.60785218,"(41.79156801058, -87.6078521774)"
487,"California Ave & Byron St",19,19,"In Service",41.95216219,-87.69805111,"(41.95216219326, -87.698051113)"
481,"California Ave & Montrose Ave",15,15,"In Service",41.961068,-87.695439,"(41.961068, -87.695439)"
394,"Clark St & 9th St (AMLI)",15,15,"In Service",41.870816,-87.631246,"(41.870816, -87.631246)"
518,"Conservatory Dr & Lake St",11,11,"In Service",41.885502,-87.716866,"(41.885502, -87.716866)"
534,"Karlov Ave & Madison St",11,11,"In Service",41.88085,-87.727907,"(41.88085, -87.727907)"
537,"Kenton Ave & Madison St",11,11,"In Service",41.880708,-87.741018,"(41.880708, -87.741018)"
532,"Austin Blvd & Lake St",11,11,"In Service",41.88794379,-87.77427346,"(41.88794379427211, -87.77427345514297)"
530,"Laramie Ave & Kinzie St",11,11,"In Service",41.887832,-87.755527,"(41.887832, -87.755527)"
540,"Laramie Ave & Madison St",11,11,"In Service",41.880207,-87.755337,"(41.880207, -87.755337)"
533,"Central Park Blvd & 5th Ave",11,11,"In Service",41.875679,-87.71547,"(41.875679, -87.71547)"
536,"Kostner Ave & Lake St",11,11,"In Service",41.885928,-87.73541,"(41.885928, -87.73541)"
545,"Kostner Ave & Adams St",11,11,"In Service",41.877917,-87.735737,"(41.877917, -87.735737)"
541,"Central Ave & Harrison St",11,11,"In Service",41.872993,-87.764499,"(41.872993, -87.764499)"
528,"Pulaski Rd & Lake St",11,11,"In Service",41.885409,-87.726491,"(41.885409, -87.726491)"
538,"Cicero Ave & Flournoy St",11,11,"In Service",41.872131,-87.746619,"(41.872131, -87.746619)"
544,"Austin Blvd & Madison St",11,11,"In Service",41.880281,-87.774453,"(41.880281, -87.774453)"
546,"Damen Ave & Pershing Rd",11,11,"In Service",41.823192,-87.676597,"(41.823192, -87.676597)"
539,"Cicero Ave & Quincy St",11,11,"In Service",41.877613,-87.745405,"(41.877613, -87.745405)"
543,"Laramie Ave & Gladys Ave",11,11,"In Service",41.875806,-87.755285,"(41.875806, -87.755285)"
529,"Cicero Ave & Lake St",11,11,"In Service",41.886841,-87.745261,"(41.886841, -87.745261)"
547,"Ashland Ave & Pershing Rd",11,11,"In Service",41.823465,-87.665577,"(41.823465, -87.665577)"
535,"Pulaski Rd & Congress Pkwy",11,11,"In Service",41.87441021,-87.72609159,"(41.87441021003816, -87.72609159350395)"
594,"Western Blvd & 48th Pl",11,11,"In Service",41.805661,-87.683392,"(41.805661, -87.683392)"
551,"Hoyne Ave & 47th St",11,11,"In Service",41.808227,-87.67718,"(41.808227, -87.67718)"
552,"Ashland Ave & McDowell Ave",11,11,"In Service",41.80887,-87.66454,"(41.80887, -87.66454)"
548,"Morgan St & Pershing Rd",7,7,"In Service",41.823613,-87.650931,"(41.823613, -87.650931)"
555,"Ashland Ave & 50th St",11,11,"In Service",41.803023,-87.664699,"(41.803023, -87.664699)"
559,"Racine Ave & Garfield Blvd",11,11,"In Service",41.794228,-87.655073,"(41.794228, -87.655073)"
554,"Damen Ave & 51st St",7,7,"In Service",41.800908,-87.674684,"(41.800908, -87.674684)"
542,"Central Ave & Madison St",11,11,"In Service",41.880121,-87.763238,"(41.880121, -87.763238)"
565,"Ashland Ave & 66th St",7,7,"In Service",41.774074,-87.663815,"(41.774074, -87.663815)"
572,"State St & 76th St",11,11,"In Service",41.756971,-87.624621,"(41.756971, -87.624621)"
556,"Throop St & 52nd St",7,7,"In Service",41.799659,-87.657195,"(41.799659, -87.657195)"
563,"Ashland Ave & 63rd St",11,11,"In Service",41.779374,-87.664843,"(41.779374, -87.664843)"
568,"Vincennes Ave & 75th St",7,7,"In Service",41.75797,-87.63121,"(41.75797, -87.63121)"
558,"Ashland Ave & Garfield Blvd",11,11,"In Service",41.792822,-87.664429,"(41.792822, -87.664429)"
553,"Elizabeth St & 47th St",11,11,"In Service",41.80839,-87.656526,"(41.80839, -87.656526)"
618,NA,NA,NA,NA,NA,NA,NA
616,NA,NA,NA,NA,NA,NA,NA
561,"Damen Ave & 59th St",11,11,"In Service",41.78586107,-87.67414391,"(41.785861065132, -87.67414391040802)"
560,"Marshfield Ave & 59th St",11,11,"In Service",41.786833,-87.666215,"(41.786833, -87.666215)"
615,NA,NA,NA,NA,NA,NA,NA
613,NA,NA,NA,NA,NA,NA,NA
614,NA,NA,NA,NA,NA,NA,NA
617,NA,NA,NA,NA,NA,NA,NA
597,"Chicago Ave & Washington St",15,15,"In Service",42.032562,-87.679101,"(42.032562, -87.679101)"
600,"Dodge Ave & Church St",15,15,"In Service",42.048308,-87.698224,"(42.048308, -87.698224)"
596,"Benson Ave & Church St",15,15,"In Service",42.048214,-87.683485,"(42.048214, -87.683485)"
566,"Damen Ave & 74th St",11,11,"In Service",41.75927404,-87.67363429,"(41.759274039331224, -87.67363429069519)"
601,"Central St Metra",15,15,"In Service",42.063598,-87.69873,"(42.063598, -87.69873)"
609,NA,NA,NA,NA,NA,NA,NA
611,NA,NA,NA,NA,NA,NA,NA
610,NA,NA,NA,NA,NA,NA,NA
607,NA,NA,NA,NA,NA,NA,NA
564,"Racine Ave & 65th St",11,11,"In Service",41.775393,-87.654308,"(41.775393, -87.654308)"
604,"Sheridan Rd & Noyes St (NU)",15,15,"In Service",42.058239,-87.677432,"(42.058239, -87.677432)"
603,"Chicago Ave & Sheridan Rd",15,15,"In Service",42.050491,-87.677821,"(42.050491, -87.677821)"
598,"Elmwood Ave & Austin St",15,15,"In Service",42.025784,-87.684107,"(42.025784, -87.684107)"
605,"University Library (NU)",15,15,"In Service",42.052939,-87.673447,"(42.052939, -87.673447)"
599,"Valli Produce - Evanston Plaza",15,15,"In Service",42.039742,-87.699413,"(42.039742, -87.699413)"
608,NA,NA,NA,NA,NA,NA,NA
606,NA,NA,NA,NA,NA,NA,NA
520,"Greenview Ave & Jarvis Ave",19,19,"In Service",42.015962,-87.66857,"(42.015962, -87.66857)"
519,"Wolcott Ave & Fargo Ave",11,11,"In Service",42.016977,-87.677725,"(42.016977, -87.677725)"
523,"Eastlake Ter & Rogers Ave",15,15,"In Service",42.02088728,-87.66505793,"(42.0208872805206, -87.66505792737007)"
522,"Bosworth Ave & Howard St",11,11,"In Service",42.019537,-87.669563,"(42.019537, -87.669563)"
602,"Central St & Girard Ave",15,15,"In Service",42.064313,-87.686152,"(42.064313, -87.686152)"
525,"Glenwood Ave & Touhy Ave",15,15,"In Service",42.012701,-87.666058,"(42.012701, -87.666058)"
515,"Paulina St & Howard St",19,19,"In Service",42.019159,-87.673573,"(42.019159, -87.673573)"
517,"Clark St & Jarvis Ave",11,11,"In Service",42.015963,-87.675005,"(42.015963, -87.675005)"
527,"Western Ave & Howard St",15,15,"In Service",42.018901,-87.690048,"(42.018901, -87.690048)"
405,"Wentworth Ave & 35th St",15,15,"In Service",41.830777,-87.632504,"(41.830777, -87.632504)"
592,"Knox Ave & Montrose Ave",11,11,"In Service",41.960631,-87.745359,"(41.960631, -87.745359)"
589,"Milwaukee Ave & Cuyler Ave",11,11,"In Service",41.954468,-87.749594,"(41.954468, -87.749594)"
619,"Keystone Ave & Fullerton Ave",11,11,"In Service",41.92459,-87.72785,"(41.92459, -87.72785)"
526,"Oakley Ave & Touhy Ave",11,11,"In Service",42.012342,-87.688243,"(42.012342, -87.688243)"
569,"Woodlawn Ave & 75th St",11,11,"In Service",41.75916,-87.595751,"(41.75916, -87.595751)"
576,"Greenwood Ave & 79th St",11,11,"In Service",41.751294,-87.597552,"(41.751294, -87.597552)"
590,"Kilbourn Ave & Irving Park Rd",11,11,"In Service",41.953733,-87.740569,"(41.953733, -87.740569)"
524,"Austin Blvd & Chicago Ave",7,7,"In Service",41.894887,-87.774704,"(41.894887, -87.774704)"
514,"Ridge Blvd & Howard St",11,11,"In Service",42.019276,-87.68452,"(42.019276, -87.68452)"
579,"Phillips Ave & 79th St",11,11,"In Service",41.75182,-87.565211,"(41.75182, -87.565211)"
550,"Central Ave & Chicago Ave",11,11,"In Service",41.894958,-87.764902,"(41.894958, -87.764902)"
570,"Evans Ave & 75th St",7,7,"In Service",41.75849,-87.60641,"(41.75849, -87.60641)"
574,"Vernon Ave & 79th St",11,11,"In Service",41.75094,-87.61379,"(41.75094, -87.61379)"
573,"State St & 79th St",11,11,"In Service",41.750794,-87.624424,"(41.750794, -87.624424)"
531,"Central Ave & Lake St",11,11,"In Service",41.887664,-87.765469,"(41.887664, -87.765469)"
575,"Cottage Grove Ave & 78th St",11,11,"In Service",41.753174,-87.605026,"(41.753174, -87.605026)"
612,NA,NA,NA,NA,NA,NA,NA
580,"Exchange Ave & 79th St",11,11,"In Service",41.751731,-87.552812,"(41.751731, -87.552812)"
585,"Cottage Grove Ave & 83rd St",11,11,"In Service",41.743441,-87.604836,"(41.743441, -87.604836)"
586,"MLK Jr Dr & 83rd St",11,11,"In Service",41.743116,-87.6148,"(41.743116, -87.6148)"
557,"Seeley Ave & Garfield Blvd",11,11,"In Service",41.794087,-87.675478,"(41.794087, -87.675478)"
571,"Vernon Ave & 75th St",11,11,"In Service",41.758361,-87.614138,"(41.758361, -87.614138)"
562,"Racine Ave & 61st St",11,11,"In Service",41.783189,-87.654372,"(41.783189, -87.654372)"
583,"Stony Island Ave & 82nd St",11,11,"In Service",41.746559,-87.586005,"(41.746559, -87.586005)"
595,"Wabash Ave & 87th St",11,11,"In Service",41.73621877,-87.6226455,"(41.736218766793954, -87.62264549732208)"
584,"Ellis Ave & 83rd St",11,11,"In Service",41.744123,-87.599034,"(41.744123, -87.599034)"
593,"Halsted St & 59th St",11,11,"In Service",41.787539,-87.644874,"(41.787539, -87.644874)"
577,"Stony Island Ave & South Chicago Ave",11,11,"In Service",41.751173,-87.585337,"(41.751173, -87.585337)"
549,"Marshfield Ave & 44th St",11,11,"In Service",41.813996,-87.666589,"(41.813996, -87.666589)"
582,"Phillips Ave & 83rd St",11,11,"In Service",41.744531,-87.56506,"(41.744531, -87.56506)"
588,"South Chicago Ave & 83rd St",11,11,"In Service",41.743921,-87.575225,"(41.743921, -87.575225)"
567,"May St & 69th St",11,11,"In Service",41.768938,-87.652934,"(41.768938, -87.652934)"
578,"Bennett Ave & 79th St",11,11,"In Service",41.751785,-87.578496,"(41.751785, -87.578496)"
581,"Commercial Ave & 83rd St",11,11,"In Service",41.744615,-87.551208,"(41.744615, -87.551208)"
587,"Wabash Ave & 83rd St",11,11,"In Service",41.74384407,-87.62276888,"(41.74384407231491, -87.62276887893677)"
620,"Orleans St & Chestnut St (NEXT Apts)",15,15,"In Service",41.898203,-87.637536,"(41.898203, -87.637536)"
591,"Kilbourn Ave & Milwaukee Ave",15,15,"In Service",41.94707089,-87.74000824,"(41.94707089418471, -87.74000823497772)"
